date,sku,site,sales
2026-06-01,DEMO-20261009-CHAIR,US,10
2026-06-02,DEMO-20261009-CHAIR,US,11
2026-06-03,DEMO-20261009-CHAIR,US,12
2026-06-04,DEMO-20261009-CHAIR,US,13
2026-06-05,DEMO-20261009-CHAIR,US,14
2026-06-06,DEMO-20261009-CHAIR,US,15
2026-06-07,DEMO-20261009-CHAIR,US,16
2026-06-08,DEMO-20261009-CHAIR,US,10
2026-06-09,DEMO-20261009-CHAIR,US,11
2026-06-10,DEMO-20261009-CHAIR,US,12
2026-06-11,DEMO-20261009-CHAIR,US,13
2026-06-12,DEMO-20261009-CHAIR,US,14
2026-06-13,DEMO-20261009-CHAIR,US,15
2026-06-14,DEMO-20261009-CHAIR,US,16
2026-06-15,DEMO-20261009-CHAIR,US,10
2026-06-16,DEMO-20261009-CHAIR,US,11
2026-06-17,DEMO-20261009-CHAIR,US,12
2026-06-18,DEMO-20261009-CHAIR,US,13
2026-06-19,DEMO-20261009-CHAIR,US,14
2026-06-20,DEMO-20261009-CHAIR,US,15
2026-06-21,DEMO-20261009-CHAIR,US,16
2026-06-22,DEMO-20261009-CHAIR,US,10
2026-06-23,DEMO-20261009-CHAIR,US,11
2026-06-24,DEMO-20261009-CHAIR,US,12
2026-06-25,DEMO-20261009-CHAIR,US,13
2026-06-26,DEMO-20261009-CHAIR,US,14
2026-06-27,DEMO-20261009-CHAIR,US,15
2026-06-28,DEMO-20261009-CHAIR,US,16
2026-06-29,DEMO-20261009-CHAIR,US,10
2026-06-30,DEMO-20261009-CHAIR,US,11
2026-07-01,DEMO-20261009-CHAIR,US,12
2026-07-02,DEMO-20261009-CHAIR,US,13
2026-07-03,DEMO-20261009-CHAIR,US,14
2026-07-04,DEMO-20261009-CHAIR,US,15
2026-07-05,DEMO-20261009-CHAIR,US,16
2026-07-06,DEMO-20261009-CHAIR,US,10
2026-07-07,DEMO-20261009-CHAIR,US,11
2026-07-08,DEMO-20261009-CHAIR,US,12
2026-07-09,DEMO-20261009-CHAIR,US,13
2026-07-10,DEMO-20261009-CHAIR,US,14
2026-07-11,DEMO-20261009-CHAIR,US,15
2026-07-12,DEMO-20261009-CHAIR,US,16
2026-07-13,DEMO-20261009-CHAIR,US,10
2026-07-14,DEMO-20261009-CHAIR,US,11
2026-07-15,DEMO-20261009-CHAIR,US,12
2026-07-16,DEMO-20261009-CHAIR,US,13
2026-07-17,DEMO-20261009-CHAIR,US,14
2026-07-18,DEMO-20261009-CHAIR,US,15
2026-07-19,DEMO-20261009-CHAIR,US,16
2026-07-20,DEMO-20261009-CHAIR,US,10
2026-07-21,DEMO-20261009-CHAIR,US,11
2026-07-22,DEMO-20261009-CHAIR,US,12
2026-07-23,DEMO-20261009-CHAIR,US,13
2026-07-24,DEMO-20261009-CHAIR,US,14
2026-07-25,DEMO-20261009-CHAIR,US,15
2026-07-26,DEMO-20261009-CHAIR,US,16
2026-07-27,DEMO-20261009-CHAIR,US,10
2026-07-28,DEMO-20261009-CHAIR,US,11
2026-07-29,DEMO-20261009-CHAIR,US,12
2026-07-30,DEMO-20261009-CHAIR,US,13
2026-07-31,DEMO-20261009-CHAIR,US,14
2026-08-01,DEMO-20261009-CHAIR,US,15
2026-08-02,DEMO-20261009-CHAIR,US,16
2026-08-03,DEMO-20261009-CHAIR,US,10
2026-08-04,DEMO-20261009-CHAIR,US,11
2026-08-05,DEMO-20261009-CHAIR,US,12
2026-08-06,DEMO-20261009-CHAIR,US,13
2026-08-07,DEMO-20261009-CHAIR,US,14
2026-08-08,DEMO-20261009-CHAIR,US,15
2026-08-09,DEMO-20261009-CHAIR,US,16
2026-08-10,DEMO-20261009-CHAIR,US,10
2026-08-11,DEMO-20261009-CHAIR,US,11
2026-08-12,DEMO-20261009-CHAIR,US,12
2026-08-13,DEMO-20261009-CHAIR,US,13
2026-08-14,DEMO-20261009-CHAIR,US,14
2026-08-15,DEMO-20261009-CHAIR,US,15
2026-08-16,DEMO-20261009-CHAIR,US,16
2026-08-17,DEMO-20261009-CHAIR,US,10
2026-08-18,DEMO-20261009-CHAIR,US,11
2026-08-19,DEMO-20261009-CHAIR,US,12
2026-08-20,DEMO-20261009-CHAIR,US,13
2026-08-21,DEMO-20261009-CHAIR,US,14
2026-08-22,DEMO-20261009-CHAIR,US,15
2026-08-23,DEMO-20261009-CHAIR,US,16
2026-08-24,DEMO-20261009-CHAIR,US,10
2026-08-25,DEMO-20261009-CHAIR,US,11
2026-08-26,DEMO-20261009-CHAIR,US,12
2026-08-27,DEMO-20261009-CHAIR,US,13
2026-08-28,DEMO-20261009-CHAIR,US,14
2026-08-29,DEMO-20261009-CHAIR,US,15
2026-08-30,DEMO-20261009-CHAIR,US,16
2026-08-31,DEMO-20261009-CHAIR,US,10
2026-09-01,DEMO-20261009-CHAIR,US,11
2026-09-02,DEMO-20261009-CHAIR,US,12
2026-09-03,DEMO-20261009-CHAIR,US,13
2026-09-04,DEMO-20261009-CHAIR,US,14
2026-09-05,DEMO-20261009-CHAIR,US,15
2026-09-06,DEMO-20261009-CHAIR,US,16
2026-09-07,DEMO-20261009-CHAIR,US,10
2026-09-08,DEMO-20261009-CHAIR,US,11
2026-09-09,DEMO-20261009-CHAIR,US,12
2026-09-10,DEMO-20261009-CHAIR,US,13
2026-09-11,DEMO-20261009-CHAIR,US,14
2026-09-12,DEMO-20261009-CHAIR,US,15
2026-09-13,DEMO-20261009-CHAIR,US,16
2026-09-14,DEMO-20261009-CHAIR,US,10
2026-09-15,DEMO-20261009-CHAIR,US,11
2026-09-16,DEMO-20261009-CHAIR,US,12
2026-09-17,DEMO-20261009-CHAIR,US,13
2026-09-18,DEMO-20261009-CHAIR,US,14
2026-09-19,DEMO-20261009-CHAIR,US,15
2026-09-20,DEMO-20261009-CHAIR,US,16
2026-09-21,DEMO-20261009-CHAIR,US,10
2026-09-22,DEMO-20261009-CHAIR,US,11
2026-09-23,DEMO-20261009-CHAIR,US,12
2026-09-24,DEMO-20261009-CHAIR,US,13
2026-09-25,DEMO-20261009-CHAIR,US,14
2026-09-26,DEMO-20261009-CHAIR,US,15
2026-09-27,DEMO-20261009-CHAIR,US,16
2026-09-28,DEMO-20261009-CHAIR,US,10
