日期,站点,SKU,预测销量,下界,上界,销量预测区间,可靠度值
2026-09-14,US,HF-A0049-1,0.6429,,,,C
2026-09-15,US,HF-A0049-1,0.6429,,,,C
2026-09-16,US,HF-A0049-1,0.6429,,,,C
2026-09-17,US,HF-A0049-1,0.6429,,,,C
2026-09-18,US,HF-A0049-1,0.6429,,,,C
2026-09-19,US,HF-A0049-1,0.6429,,,,C
2026-09-20,US,HF-A0049-1,0.6429,,,,C
2026-09-21,US,HF-A0049-1,0.6429,,,,C
2026-09-22,US,HF-A0049-1,0.6429,,,,C
2026-09-23,US,HF-A0049-1,0.6429,,,,C
2026-09-24,US,HF-A0049-1,0.6429,,,,C
2026-09-25,US,HF-A0049-1,0.6429,,,,C
2026-09-26,US,HF-A0049-1,0.6429,,,,C
2026-09-27,US,HF-A0049-1,0.6429,,,,C