sales_tier,model,observations,actual_units,mae,rmse,wape_pct,mape_pct,smape_pct,bias_pct,coverage_pct
cold_start,sales_forecast_v4_retrained,212,429.0,2.122627110852424,2.9510553429428823,104.89439335680977,101.44957725650914,103.63970870439381,49.856386295901814,100.0
cold_start,moving_average_4w,208,422.0,1.7644230769230769,2.894213022065587,86.96682464454977,75.22456093634705,105.82802461111255,-16.23222748815166,98.11320754716981
cold_start,prior_year_same_week,0,0.0,,,,,,,0.0
high,sales_forecast_v4_retrained,2128,18925.0,4.673680310317746,8.979045536434862,52.55266420267457,103.07279124373122,71.2655543777657,4.656377314195097,100.0
high,moving_average_4w,2126,18923.0,4.738907180934463,9.292012140855016,53.24164596875056,103.36536918857763,71.66242692268968,6.788476104916414,99.90601503759399
high,prior_year_same_week,1740,17030.0,8.482183908045977,15.025285202028574,86.66470933646507,185.80320705001685,87.90512061332045,42.96535525543159,81.76691729323309
low,sales_forecast_v4_retrained,1156,1199.5,0.9294315770339835,1.4733539256823536,89.57256382253314,68.03241662354348,127.73701191999334,-3.8298350947486877,100.0
low,moving_average_4w,1153,1195.5,0.926062445793582,1.528654465627165,89.31409452112086,68.69814753148087,110.83476293530819,-30.13383521539105,99.74048442906575
low,prior_year_same_week,731,615.5,1.0307797537619698,1.7879173433949864,122.42079610073111,96.31345056123818,101.9944999163636,-26.07636068237206,63.23529411764706
medium,sales_forecast_v4_retrained,1473,3724.5,1.7828772535074315,3.302510199973584,70.510892587366,75.32654507358897,99.70251640558776,-2.6370853529001947,100.0
medium,moving_average_4w,1471,3722.5,1.8209268071606615,3.794970428264384,71.95657040519363,75.53930344416777,95.55216437417864,-10.326841280501457,99.8642226748133
medium,prior_year_same_week,1074,2560.0,2.416201117318436,4.715114964109277,101.3671875,112.27564626663838,107.96368535384974,5.8203125,72.91242362525459
