site,model,observations,actual_units,mae,rmse,wape_pct,mape_pct,smape_pct,bias_pct,coverage_pct
CA,sales_forecast_v4_retrained,632,1933.0,2.269398061303526,3.527798795145869,74.19863294070504,94.51746342017682,92.13801649806194,18.688576601229244,100.0
CA,moving_average_4w,630,1931.0,2.0181216931216928,3.429217816419875,65.84239599516657,80.64923080551779,95.1452660615983,-3.499913688934922,99.68354430379746
CA,prior_year_same_week,356,1262.0,2.842696629213483,4.727400406855926,80.19017432646592,110.41345622056609,102.91693656385573,-1.4263074484944533,56.32911392405063
DE,sales_forecast_v4_retrained,692,2912.5,2.392845457649963,4.617119239822491,56.853186495923595,86.94460538840087,103.7770318071234,-3.8390532722736936,100.0
DE,moving_average_4w,691,2910.5,2.4468162083936322,4.923813556798519,58.09139323140354,85.95182571571897,94.6435356054754,-4.045696615701769,99.85549132947978
DE,prior_year_same_week,548,2601.5,3.7326642335766422,7.182037356066982,78.62771477993465,136.3760217231918,98.99353938378523,8.129925043244283,79.1907514450867
ES,sales_forecast_v4_retrained,613,2419.0,2.3320223515928324,5.465446639432929,59.095895061033744,79.75677943355583,104.61984202285078,-4.186848036428572,100.0
ES,moving_average_4w,610,2414.0,2.5975409836065575,6.5214808989028015,65.63794531897265,85.43294018070493,95.94209979797836,-4.16321458160729,99.510603588907
ES,prior_year_same_week,485,2247.0,4.680412371134021,10.721017031306639,101.02358700489542,152.82983025037115,99.92849416826692,34.08989764129951,79.11908646003263
FR,sales_forecast_v4_retrained,655,3067.0,2.665980907224378,7.9041096259578225,56.93568615037391,81.64778313761381,102.85291279320762,-5.489100309065323,100.0
FR,moving_average_4w,655,3067.0,2.7091603053435116,8.480905810040495,57.85784153896315,89.42355474069296,88.81568284977219,3.048581675904793,100.0
FR,prior_year_same_week,554,2710.0,4.620938628158845,11.859739862361572,94.4649446494465,127.87391045503342,95.65940038163993,30.25830258302583,84.58015267175573
IT,sales_forecast_v4_retrained,609,2226.0,2.2454551316347646,5.047959035747756,61.43226303529074,84.26461671862462,103.76094592196515,-4.268336381953694,100.0
IT,moving_average_4w,608,2224.0,2.2064144736842106,5.021786416783321,60.319244604316545,85.63555937629104,97.39954329136317,-8.543165467625899,99.83579638752053
IT,prior_year_same_week,507,2008.0,4.42603550295858,10.704199253414743,111.75298804780876,174.60081049213005,104.1476637267252,50.49800796812749,83.2512315270936
NL,sales_forecast_v4_retrained,45,36.0,0.829966765593545,2.1634746239320126,103.74584569919311,71.2630140108421,106.05845586647109,-20.174623536640933,100.0
NL,moving_average_4w,42,33.0,0.8611111111111113,2.3895578612971007,109.5959595959596,86.85897435897438,102.80423280423281,-76.26262626262627,93.33333333333333
NL,prior_year_same_week,28,21.0,1.1428571428571428,2.9154759474226504,152.38095238095238,128.57142857142858,75.71428571428571,-38.095238095238095,62.22222222222222
US,sales_forecast_v4_retrained,1723,11684.5,3.729253185438974,7.402246665880303,54.991683328438114,95.38318303302458,80.46541517633716,9.186657723133155,100.0
US,moving_average_4w,1722,11683.5,3.768534649632211,7.481899750765223,55.543430193577834,94.03760954919937,79.64019178344495,7.522717222293548,99.94196169471851
US,prior_year_same_week,1067,9356.0,7.445173383317713,13.372834722996647,84.90808037622915,177.25059823176443,90.15511282524778,48.31124412141941,61.92687173534532
